id,title,longitude,latitude,datetaken,tags,url_s
50776982507,"JT & AT Stacey  Newsagents, 254 White Horse Road, Balwyn Victoria, July 1951",145.081704,-37.812932,1951-07-01 00:00:00,shops businesses australia balwyn victoria newsagents newspapers cats shopfronts advertising statelibraryofnewsouthwales,https://live.staticflickr.com/65535/50776982507_39d5fbd835_m.jpg
50749009631,Miss Australia Week advertisement for wearing badges to raise funds to build ANZAC House,153.071520,-27.323820,1945-01-01 00:00:00,magiclantern handcoloured advertisements glassplatenegatives theatre,https://live.staticflickr.com/65535/50749009631_223157fee2_m.jpg
50749009456,Promotion for the Queensland Limbless Soldiers Patriotic Appeal Fund seeking donations,153.071520,-27.323820,1945-01-01 00:00:00,magiclantern handcoloured advertisements glassplatenegatives theatre,https://live.staticflickr.com/65535/50749009456_dd3c6a5d30_m.jpg
50748267183,Promotional advertisement for the Courier Mail Vegetable Competition,153.071520,-27.323820,1945-01-01 00:00:00,magiclantern handcoloured advertisements glassplatenegatives theatre,https://live.staticflickr.com/65535/50748267183_540a72956f_m.jpg
50748267058,Promotional advertisement for the Sandgate sub-branch of the R.S.S.A.I.L.A. urging returned soldiers to join,153.071520,-27.323820,1945-01-01 00:00:00,magiclantern handcoloured advertisements glassplatenegatives theatre,https://live.staticflickr.com/65535/50748267058_8e5c1f0193_m.jpg
50748975207,Advertisement for 1940 Arctic King electric refrigerators from Campbells in Creek Street Brisbane,153.071520,-27.323820,1945-01-01 00:00:00,glassplatenegatives queensland handcoloured advertisements,https://live.staticflickr.com/65535/50748975207_c78c1edf9b_m.jpg
50748877806,Advertisement for ice chests from Campbells in Creek Street Brisbane,153.071520,-27.323820,1945-01-01 00:00:00,glassplatenegatives queensland handcoloured advertisements,https://live.staticflickr.com/65535/50748877806_56437090d1_m.jpg
50748974912,Advertisement for Liberty loans,153.071520,-27.323820,1945-01-01 00:00:00,glassplatenegatives queensland handcoloured advertisements,https://live.staticflickr.com/65535/50748974912_71825b0893_m.jpg
50748135063,Advertisement for Miss Lila Hick Ladies and Children's Dressmaking Sandgate,153.071520,-27.323820,1945-01-01 00:00:00,glassplatenegatives queensland handcoloured advertisements,https://live.staticflickr.com/65535/50748135063_a41778c789_m.jpg
50748134813,Advertisement for national saving stamps,153.071520,-27.323820,1945-01-01 00:00:00,glassplatenegatives queensland handcoloured advertisements,https://live.staticflickr.com/65535/50748134813_4d88ff6c59_m.jpg
50748974367,Advertisement for Peters Ice Cream,153.071520,-27.323820,1945-01-01 00:00:00,glassplatenegatives queensland handcoloured advertisements,https://live.staticflickr.com/65535/50748974367_b63257bc45_m.jpg
50748134493,Advertisement for radiators and heaters from Campbells in Creek Street Brisbane,153.071520,-27.323820,1945-01-01 00:00:00,glassplatenegatives queensland handcoloured advertisements,https://live.staticflickr.com/65535/50748134493_d2a64571fb_m.jpg
50748876401,"Labor Party notice calling for members to vote to select the Labor candidate for the Sandgate ward in the upcoming local election, November 1945",153.071520,-27.323820,1945-01-01 00:00:00,glassplatenegatives queensland handcoloured advertisements,https://live.staticflickr.com/65535/50748876401_31ab098ea6_m.jpg
50748876236,Advertisement for Victory war bonds,153.071520,-27.323820,1945-01-01 00:00:00,glassplatenegatives queensland handcoloured advertisements,https://live.staticflickr.com/65535/50748876236_7b89714de6_m.jpg
50748875786,Advertisement promoting the YES vote in a 1944 referendum to ensure jobs and housing for returned servicemen,153.071520,-27.323820,1945-01-01 00:00:00,glassplatenegatives queensland handcoloured advertisements,https://live.staticflickr.com/65535/50748875786_2b8ecd4881_m.jpg
50748133303,"Advertising school books for sale at Barkers Bookstore, Adelaide St, Brisbane",153.071520,-27.323820,1945-01-01 00:00:00,glassplatenegatives queensland handcoloured advertisements,https://live.staticflickr.com/65535/50748133303_0f943559e8_m.jpg
50748133138,"Christmas advertisement for dinnerware from Campbell's in Creek Street, Brisbane",153.071520,-27.323820,1945-01-01 00:00:00,glassplatenegatives queensland handcoloured advertisements,https://live.staticflickr.com/65535/50748133138_60829d90f4_m.jpg
50748875001,Labor Party advertisement urging the electors of Sandgate to vote for Labor candidates Charles Augustus (Bill) Edwards (mayor) and Thomas Hobart.,153.071520,-27.323820,1945-01-01 00:00:00,glassplatenegatives queensland handcoloured advertisements,https://live.staticflickr.com/65535/50748875001_f899b4fec2_m.jpg
50723857047,"Imprensa Nacional, Lisboa, 1916 (title page)",-122.388153,37.759777,2020-11-17 18:30:33,letterformarchive portugese typespecimen,https://live.staticflickr.com/65535/50723857047_d4621224db_m.jpg
50723029538,"Tipografia Universal, Lisboa, 1913 (cover and inside back cover)",-122.388139,37.759777,2020-11-17 18:33:41,letterformarchive portugese typespecimen,https://live.staticflickr.com/65535/50723029538_623d3196cb_m.jpg
50723029528,"Tipografia Universal, Lisboa, 1913 (title page)",-122.388192,37.759791,2020-11-17 18:33:56,letterformarchive portugese typespecimen,https://live.staticflickr.com/65535/50723029528_223519758c_m.jpg
50723856977,"Imprensa Portugueza, 1908 (cover)",-122.388170,37.759758,2020-11-17 18:38:46,letterformarchive portugese typespecimen,https://live.staticflickr.com/65535/50723856977_46983c8bf6_m.jpg
50723766896,"Imprensa Nacional, Lisboa, 1916 (cover)",-122.388145,37.759858,2020-11-17 18:30:24,letterformarchive portugese typespecimen,https://live.staticflickr.com/65535/50723766896_407e307692_m.jpg
50723766886,"Imprensa Nacional, Lisboa, 1916 (note insert)",-122.388162,37.759797,2020-11-17 18:31:01,letterformarchive portugese typespecimen,https://live.staticflickr.com/65535/50723766886_164660d72d_m.jpg
50723856937,"Imprensa Portugueza, 1908 (intro 1/2)",-122.388170,37.759777,2020-11-17 18:39:08,letterformarchive portugese typespecimen,https://live.staticflickr.com/65535/50723856937_cc8f9401a9_m.jpg
50723029383,"Imprensa Portugueza, 1908 (intro 1/2)",-122.388162,37.759791,2020-11-17 18:39:00,letterformarchive portugese typespecimen,https://live.staticflickr.com/65535/50723029383_6fb20bc17c_m.jpg
50722329442,"Lucan, the most exotic place for taking the waters!",-6.463812,53.356903,2008-02-20 15:30:09,lawrenceroyals robertfrench williamlawrence lawrencephotographicstudio glassnegative nationallibraryofireland lucan codublin spa waters entrance spahotel lawrencephotographcollection dublin ireland,https://live.staticflickr.com/65535/50722329442_26d6b2a813_m.jpg
50718307271,Main Street with a line running through it!,-9.262139,51.659745,2011-10-04 10:36:22,glassnegative nationallibraryofireland ferguso’connor ferguso’connorcollection mainstreet railwaystation cocork westcork drimoleague permanentway ireland cork munster,https://live.staticflickr.com/65535/50718307271_143f08d117_m.jpg
50706153201,"Belgian dairy farmers in Fort Garry, Canada",-97.181453,49.831782,1929-08-29 00:00:00,,https://live.staticflickr.com/65535/50706153201_0465c774bc_m.jpg
50705356863,"Belgian famers in Wallaceburg, Canada",-82.386646,42.589741,1929-08-17 00:00:00,,https://live.staticflickr.com/65535/50705356863_6183bdd5d4_m.jpg
50706126712,"The oldest dairy farm in Fort Garry, Canada",-97.180938,49.831339,1929-08-29 00:00:00,dairyfarm canada canadesehistory louisvarlez fortgarry winnipeg manitoba migration 1929 liberas,https://live.staticflickr.com/65535/50706126712_f40fb7df9b_m.jpg
50703198793,"Traffic, corner of William and Palmer Streets, Sydney, 6 July 1945, photographed by Ivan Ives",151.217204,-33.874463,1945-07-06 09:04:25,traffic sydney pix magazine ivanives professional commercial photographers newsouthwales statelibraryofnewsouthwales palmerstreet,https://live.staticflickr.com/65535/50703198793_2977824bce_m.jpg
50671374787,Hiding your Granny behind the gate?,-6.151517,53.452161,2009-11-26 14:25:33,eason easonson easoncollection easonphotographiccollection glassnegative nationallibraryofireland malahide codublin fingal stjamesvilla dublin ireland leinster jamessterrace locationidentified 20thcentury,https://live.staticflickr.com/65535/50671374787_557e50b183_m.jpg
50667565511,"Stand still, it's candid camera!",-8.987921,52.843644,2007-11-30 10:00:54,robertfrench williamlawrence lawrencephotographicstudio glassnegative nationallibraryofireland millstreet ennis coclare munster hill horses carts dog madra shops goods lawrencephotographcollection clare ireland pawnshop prescottsdyeworks jamescullinan bootmaker highstreet rjdick bootmanufacturers upperparnellstreet johncotter oldmillstreet,https://live.staticflickr.com/65535/50667565511_ce33ee7ccf_m.jpg
50664150906,Rocky Road to Roundstone Retreat,-9.920214,53.399012,2009-06-02 11:26:14,robertfrench williamlawrence lawrencephotographicstudio glassnegative nationallibraryofireland roundstone cogalway connacht monastery stone rocks lawrencephotographcollection galway connaught ireland,https://live.staticflickr.com/65535/50664150906_a40d9b0dc5_m.jpg
50652103811,Waiting for Godot?,-9.152212,54.112385,2009-04-23 10:04:03,robertfrench williamlawrence lawrencephotographicstudio glassnegative nationallibraryofireland ardnaree ballina comayo connacht westofireland rivermoy salmonriver stmuredachscathedral mayo connaught ireland lawrencephotographcollection,https://live.staticflickr.com/65535/50652103811_93c9355f53_m.jpg
50647564376,The next train to Ballymartle will arrive at...,-8.518223,51.772310,1961-09-14 09:37:25,jamespo’dea nationallibraryofireland ballymartle cocork munster railwaytrainstation abandonedstation overgrown closeddown cork ireland september 1961 1960s 20thcentury odeaphotographcollection,https://live.staticflickr.com/65535/50647564376_e6faa1a900_m.jpg
50639892643,Baby beneath the thatch,-9.555798,52.014441,2009-08-14 09:00:38,stereographicnegatives jamessimonton frederickhollandmares johnfortunelawrence williammervynlawrence nationallibraryofireland glenacottage killarney cokerry munster thatch baby family group hoopskirts kerry ireland stereopairsphotographcollection cottage thatchedroof ladykenmarescottage visitorscottage cottageorné lawrencephotographcollection,https://live.staticflickr.com/65535/50639892643_44c22e388e_m.jpg
50623718746,Patiently waiting for the fall?,-9.546861,51.890735,2007-11-29 10:19:45,robertfrench williamlawrence lawrencephotographicstudio glassnegative nationallibraryofireland greenstoneonlimestone geologicalerratic kenmare cokerry munster stonemushroom loiteringphotographicassistant lawrencephotographcollection kerry ireland carrigacappeen carraignagcaipín gearranbán erratic oldredgrit carboniferouslimestone limestone,https://live.staticflickr.com/65535/50623718746_18133221db_m.jpg
50620055021,A jewel in the crown,-6.259675,53.336741,2011-08-02 15:01:58,elinorwiltshire rolleiflexcamera rolleiflex wiltshirephotographiccollection nationallibraryofireland elinoro’brienwiltshire iveaghhouse ststephensgreen dublin lordiveagh guinnessfamily townhouse leinster ireland departmentofforeignaffairs,https://live.staticflickr.com/65535/50620055021_2310bbc67a_m.jpg
50616987733,2020.17-01-04,-77.053060,44.205842,1900-01-01 00:00:00,1900s cows farms,https://live.staticflickr.com/65535/50616987733_c3f8166e36_m.jpg
50616985473,2020.17-01-19,-77.047858,44.195216,1970-01-01 00:00:00,1970s stores,https://live.staticflickr.com/65535/50616985473_29f302e715_m.jpg
50617829822,2020.17-01-20,-77.047116,44.195689,1970-01-01 00:00:00,1970s streets pipes,https://live.staticflickr.com/65535/50617829822_b14615daab_m.jpg
50616984463,2020.17-01-21,-77.047309,44.195828,1970-01-01 00:00:00,1970s buildings hotels,https://live.staticflickr.com/65535/50616984463_99162541c9_m.jpg
50610018673,"The Monastery, Kildare",-6.912964,53.156093,2009-10-09 13:47:38,eason easonson easoncollection easonphotographiccollection glassnegative nationallibraryofireland kildare themonastery monastery cokildare leinster ireland 20thcentury,https://live.staticflickr.com/65535/50610018673_a26626829c_m.jpg
50610028547,2020-084-01,-77.382320,44.163897,2020-10-26 13:51:52,2020s,https://live.staticflickr.com/65535/50610028547_12725c5b07_m.jpg
50610028152,2020-084-02,-77.382320,44.163897,2020-10-26 13:52:16,2020s,https://live.staticflickr.com/65535/50610028152_0debb0afa7_m.jpg
50609166443,2020-084-03,-77.382320,44.163897,2020-10-26 13:53:57,2020s fall buildings,https://live.staticflickr.com/65535/50609166443_b34933cde6_m.jpg
50609912396,2020-084-04,-77.382320,44.163897,2020-10-26 13:55:38,2020s,https://live.staticflickr.com/65535/50609912396_4a65c618c8_m.jpg
50608625328,"The railway station in Storlien, Jämtland, Sweden",12.099840,63.316282,1950-01-01 00:00:00,theswedishnationalheritageboard riksantikvarieämbetet,https://live.staticflickr.com/65535/50608625328_4802556d40_m.jpg
50609306351,"Winter in Funäsdalen valley, Härjedalen, Sweden",12.544666,62.546684,1950-01-01 00:00:00,theswedishnationalheritageboard riksantikvarieämbetet snow snowy landscape,https://live.staticflickr.com/65535/50609306351_6325575127_m.jpg
50608038328,Safe harbour in Roundstone.,-9.918830,53.399042,2009-06-05 10:35:56,robertfrench williamlawrence lawrencephotographicstudio glassnegative nationallibraryofireland roundstone cogalway atlantic wildatlanticway harbour boats children cropsinthefields telegraphwires poles coastline lawrencephotographcollection galway connacht connaught ireland,https://live.staticflickr.com/65535/50608038328_31f9bf273e_m.jpg
50596969148,2020.15/1/2,-77.049844,44.195089,1920-01-01 00:00:00,1920s buildings libraries,https://live.staticflickr.com/65535/50596969148_2a538e7ecf_m.jpg
50596543762,Margaret was no Square!,-6.337609,54.176370,2007-12-10 15:46:33,margaretsquare newry down ulster northernireland ireland robertfrench williamlawrence glassnegative nationallibraryofireland lawrencephotographcollection victoriahotel ohagan pharmacy chemist bt341de ohagansmedicalhall he,https://live.staticflickr.com/65535/50596543762_f0ba203f77_m.jpg
50593947857,"The Town Hall square in Gävle, Gästrikland, Sweden",17.144861,60.674408,1940-01-01 00:00:00,theswedishnationalheritageboard riksantikvarieämbetet,https://live.staticflickr.com/65535/50593947857_870939c878_m.jpg
50592978083,"Storgatan street in Umeå, Västerbotten, Sweden",20.270053,63.823649,1940-01-01 00:00:00,theswedishnationalheritageboard riksantikvarieämbetet,https://live.staticflickr.com/65535/50592978083_f0dafa886b_m.jpg
50592586968,"Hävlingen sami hut, Grövelsjön, Idre, Dalarna, Sweden",12.324914,62.127486,1940-01-01 00:00:00,theswedishnationalheritageboard riksantikvarieämbetet,https://live.staticflickr.com/65535/50592586968_0449350d8e_m.jpg
50592475813,"Trams at Kirunavaara mine, Kiruna, Lappland, Sweden",20.203764,67.836232,1940-01-01 00:00:00,theswedishnationalheritageboard riksantikvarieämbetet,https://live.staticflickr.com/65535/50592475813_077d151ecb_m.jpg
50592448053,"Skiers in the mountains around Lofsdalen, Härjedalen, Sweden",13.278257,62.115164,1950-01-01 00:00:00,theswedishnationalheritageboard riksantikvarieämbetet lofsdalen härjedalen,https://live.staticflickr.com/65535/50592448053_25c4fb0743_m.jpg
50587961532,2020.14-01,-78.863488,43.897695,1918-04-22 00:00:00,1910s aircraft crashes,https://live.staticflickr.com/65535/50587961532_4dd77fd3b3_m.jpg
50583002716,We came across a cross.,-7.028310,52.736395,2009-07-21 10:36:19,stereographicnegatives jamessimonton frederickhollandmares johnfortunelawrence williammervynlawrence nationallibraryofireland cross stonecross seamusheaney stereopairsphotographcollection smallcrudecross christian ireland locationidentified suddendeathklaxon lawrencephotographcollection,https://live.staticflickr.com/65535/50583002716_e2f5d9b174_m.jpg
50572248431,Rocky beauties,-9.665737,53.102630,2008-11-29 08:42:40,lukegeralddillon baronclonbrock augustacarolinedillon baronessclonbrock dillonfamily nationallibraryofireland inishmor aranislands galway cogalway connacht highcross girls stonewalls connaught ireland clonbrockphotographiccollection flipped,https://live.staticflickr.com/65535/50572248431_ec3795e9ca_m.jpg
50570017302,2020-080-02,-77.366495,44.163135,2013-09-24 11:17:33,buildings demolition 2010s,https://live.staticflickr.com/65535/50570017302_ec6c68d37f_m.jpg
50569133543,2020-080-01,-77.366495,44.163135,2013-09-24 11:17:15,buildings demolition 2010s,https://live.staticflickr.com/65535/50569133543_2b3b0c54fc_m.jpg
50569151872,The Model School in Enniscorthy,-6.568912,52.497655,2009-03-05 10:50:04,robertfrench williamlawrence glassnegative nationallibraryofireland themodelschool enniscorthy cowexford lawrencephotographcollection modelschool wexford leinster ireland jameshowens schools,https://live.staticflickr.com/65535/50569151872_b44e7becac_m.jpg
50565224746,"Exterior, Darjoa or George Edwards flats 1938, Max Dupain",151.253896,-33.865560,1938-01-01 00:00:00,darjoa georgeedwardsflats pottspoint sydney kings cross maxdupain australian photography photographers architecture modernism,https://live.staticflickr.com/65535/50565224746_4040589512_m.jpg
50561826048,"Mainz - Liebfrauenplatz and Dom, 1938",8.275258,49.999181,1938-01-01 00:00:00,mainz cathedral dom 1938 germany deutschland liberas,https://live.staticflickr.com/65535/50561826048_017ef98676_m.jpg
50562423327,"Flower market on the Kouter in Ghent, 1897/98",3.724890,51.050236,1898-01-01 00:00:00,gent ghent vlaanderen flanders flowermarket kouter liberas vintagephotography,https://live.staticflickr.com/65535/50562423327_be362ba3da_m.jpg
50557499858,On the street where he lived...,-72.687671,41.775912,1914-09-01 00:00:00,rogercasementphotographiccollection sirrogercasement irishpatriot irvingstreet usa rogercasement nationallibraryofireland hartford connecticut america locationidentified dateestablished 1914 20thcentury,https://live.staticflickr.com/65535/50557499858_3eb3b956c1_m.jpg
50546719396,The Bailey of the Alps?,-6.052694,53.361616,2007-10-02 16:09:32,robertfrench williamlawrence lawrencephotographicstudio glassnegative nationallibraryofireland thebaileylighthouse howth codublin fingal dublinbay dublin leinster ireland lighthouse irishlights commissionersofirishlights bailey shippingforecast icebergs baily lawrencephotographcollection,https://live.staticflickr.com/65535/50546719396_4f4a5ca4ef_m.jpg
50542690458,An ecclesiastical complex among the tussocks,-7.346860,53.527018,2009-09-10 12:50:01,stereographicnegatives jamessimonton frederickhollandmares johnfortunelawrence williammervynlawrence nationallibraryofireland church buildings field complex ecclesiastical ireland tower mullingar westmeath leinster locationidentified stereopairsphotographcollection 19thcentury lawrencephotographcollection,https://live.staticflickr.com/65535/50542690458_767c1264d6_m.jpg
50539795281,Waiting for the train that will never come...,-7.537060,54.316980,1959-09-01 11:19:25,jamespo’dea nationallibraryofireland railwaystation permanentway tracks platform lisbellaw cofermanagh ulster northernireland trainstation trains railways railroads fermanagh ireland september 1959 1950s tuesday 20thcentury odeaphotographcollection,https://live.staticflickr.com/65535/50539795281_67e14f0cc0_m.jpg
50514981493,No thatch in the Pike's?,-9.943828,53.931028,1880-01-01 00:00:00,wynnealbum nationallibraryofireland ireland galway thomasjwynne achillisland mayo connacht wildatlanticway mrpike thebighouse mountain glendararyhouse williampike achillsound,https://live.staticflickr.com/65535/50514981493_55969361fc_m.jpg
50513153257,2020-076,-76.467504,44.235790,1939-07-01 00:00:00,1930s military soldiers uniforms musicians musicalinstruments,https://live.staticflickr.com/65535/50513153257_fe038f3057_m.jpg
50512498752,Deep in the heart of the kingdom.,-9.488657,52.447047,1910-01-01 00:00:00,robertfrench williamlawrence lawrencephotographicstudio glassnegative nationallibraryofireland listowel cokerry marketstreet market donkeys carts shafts kerry ireland lawrencephotographcollection,https://live.staticflickr.com/65535/50512498752_c7b13c7b40_m.jpg
50480005761,2020-073-02,-77.382245,44.172708,2020-10-09 14:54:49,women 2020s events bridges,https://live.staticflickr.com/65535/50480005761_8fdc216173_m.jpg
50479248403,2020-073-01,-77.382245,44.172708,2020-10-09 14:50:01,women 2020s events bridges,https://live.staticflickr.com/65535/50479248403_1601c23fdf_m.jpg
50477251557,Water under the bridge,-10.018844,53.486685,2009-09-01 14:45:16,stereographicnegatives jamessimonton frederickhollandmares johnfortunelawrence williammervynlawrence nationallibraryofireland bridge river rocks cascade falls thatchedcottage thatch clifden cogalway connaught stonewalls stereopairsphotographcollection lawrencephotographcollection,https://live.staticflickr.com/65535/50477251557_00aa308c6e_m.jpg
50470979001,1982-09-16 Quinte Ex (Evans)-009,-77.400848,44.160972,1982-09-16 00:00:00,1980s exhibitions horses,https://live.staticflickr.com/65535/50470979001_0ab3996445_m.jpg
50470977936,1982-09-16 Quinte Ex (Whitelaw)-017,-77.399260,44.160872,1982-09-16 00:00:00,1980s fairs exhibitions,https://live.staticflickr.com/65535/50470977936_96986ec7b2_m.jpg
50470977636,1982-09-16 Quinte Ex (Whitelaw)-022,-77.401084,44.160503,1982-09-16 00:00:00,1980s fairs exhibitions,https://live.staticflickr.com/65535/50470977636_8bbf2bbaae_m.jpg
50470977296,1982-09-16 Quinte Ex (Whitelaw)-003,-77.399260,44.160964,1982-09-16 00:00:00,1980s fairs exhibitions,https://live.staticflickr.com/65535/50470977296_b7fd42d649_m.jpg
50470976736,1982-09-16 Quinte Ex (Whitelaw)-008,-77.399518,44.160903,1982-09-16 00:00:00,1980s fairs exhibitions,https://live.staticflickr.com/65535/50470976736_264fb45122_m.jpg
50471133142,1982-09-16 Quinte Ex (Whitelaw)-011,-77.398456,44.162227,1982-09-16 00:00:00,1980s exhibitions animals donkeys,https://live.staticflickr.com/65535/50471133142_bf3bb530d6_m.jpg
50456045036,"Gold surveying camp near Trunkey, New South Wales, 1872-1874",149.325227,-33.817286,1873-01-01 00:00:00,surveying australia newsouthwales goldrush gold mining statelibraryofnewsouthwales theodolite machattie camping 1870s victorian,https://live.staticflickr.com/65535/50456045036_960e91e1d2_m.jpg
50429689518,Boxer dog Queensland,153.105468,-27.019984,1940-01-01 00:00:00,animal dogs dogtober octoberevent boxer dog alert state library queensland collar chair deck,https://live.staticflickr.com/65535/50429689518_ec03fce671_m.jpg
50430379701,"Dog wading in the Balonne River, St George, Queensland",148.581780,-28.038580,1954-01-01 00:00:00,animal dogs dogtober octoberevent state library queensland playful small dog shallow water river trees background,https://live.staticflickr.com/65535/50430379701_6246ddae82_m.jpg
50430551747,Australian Shepherd dog,153.105468,-27.019984,1945-01-01 00:00:00,animal dogs dogtober octoberevent australianshepherd doorway state library queensland working dog guarding house entrance,https://live.staticflickr.com/65535/50430551747_0e57bfd264_m.jpg
50430379211,Man with a Schnauzer dog at the Brisbane Exhibition 1947,153.035416,-27.447420,1947-01-01 00:00:00,animal dogs dogtober octoberevent schnauzer dogshow exhibition ekka show state library queensland good looking man,https://live.staticflickr.com/65535/50430379211_ace4e8164a_m.jpg
50429688648,"Man with three German Shepherd dogs at the Brisbane Exhibition, 1947.",153.035416,-27.447420,1947-01-01 00:00:00,animal dogs dogtober octoberevent ekka germanshepherd alsatians exhibition fence yard state library queensland man suit leashes expectation,https://live.staticflickr.com/65535/50429688648_d67b08f624_m.jpg
50430379071,"Mrs McLean, Mr Hurley and Cocker Spaniel at Dog show, Brisbane, 1946",153.035416,-27.447420,1946-01-01 00:00:00,animal dogs dogtober octoberevent ekka exhibition show cockerspaniel man woman state library queensland last minute preparation hat,https://live.staticflickr.com/65535/50430379071_3d64c8209d_m.jpg
50430551417,"Playboy the horse, with attendant at Maryborough, 1946",152.692154,-25.535271,1946-01-01 00:00:00,animal dogs dogtober octoberevent hairstyle bridles jodhpurs horses queenslanderarchitecture state library queensland pretty lady accompanied with her pets house background balcony,https://live.staticflickr.com/65535/50430551417_797aecfb2c_m.jpg
50430378796,Playing with the dog ca 1905,45.464005,-24.424030,1905-01-01 00:00:00,animal dogs dogtober octoberevent brooches pets social dress older woman feeding time queensland state library trick,https://live.staticflickr.com/65535/50430378796_4f34397f64_m.jpg
50430551362,"Sir John and Lady Lavarck walking their dogs in the grounds of Government House, Brisbane",153.025100,-27.469800,1946-01-01 00:00:00,animal dogs dogtober octoberevent lady garden governors hairstyles state library queensland couple with their three small government grounds house suit,https://live.staticflickr.com/65535/50430551362_dbde940eb6_m.jpg
50430378466,Two men and a dog at Mt Isa 1932,139.481979,-20.731670,1932-01-01 00:00:00,animal dogs dogtober octoberevent motorvehicles state library queensland v i mann l k jackobsen vintage car well dressed suit,https://live.staticflickr.com/65535/50430378466_6694199050_m.jpg
46603500905,"Bushman with his dog and horse outside a humpy, Hughenden district, 1910-1920",144.191605,-20.842270,1915-01-01 00:00:00,queensland statelibraryofqueensland saddles dogs bush huts horses camping humpy dog horse shelter hut 1915 1910s aboriginal temporary early settlers,https://live.staticflickr.com/7855/46603500905_86d049f15a_m.jpg
47010502641,"Two young boys in sailor outfits and straw hats in Mareeba, Queensland",145.426282,-17.014028,1910-01-01 00:00:00,queensland statelibraryofqueensland dogs harriettbrims studioportraits strawhat sailorsuit costume brothers boys children photographers womenphotographers glassplatenegatives glassplatephotography palms background sleeping dog serious faces,https://live.staticflickr.com/7902/47010502641_54ac54f549_m.jpg
31969598737,"Group of men with a captured wild pig on the beach at Moreton Island, ca. 1920",153.406305,-27.149894,1920-01-01 00:00:00,queensland statelibraryofqueensland pigs yearofthepig dogs lighthouse beach feralpig sand men three staying away from feral pig hat,https://live.staticflickr.com/7853/31969598737_cb501b4cc1_m.jpg
44159142224,"Landing at Bulwer, Moreton Island, Queensland, 1906",153.367844,-27.076851,1906-01-01 00:00:00,queensland statelibraryofqueensland moretonbay islands moretonisland moorgumpin bulwer dogs boat rowboat beach ocean beautiful day light waves two ladies long dresses boys men sandy reflection hats,https://live.staticflickr.com/1945/44159142224_70f8b5edc8_m.jpg
29942964407,"Day at the beach on Bribie Island, January 1935",153.191125,-27.087391,1935-01-01 00:00:00,queensland statelibraryofqueensland moretonbay islands boorabee bribieisland family beach bathingcostume dog toyboat beachfashion1930s holiday or just day out pet included swimming cap,https://live.staticflickr.com/1973/29942964407_3dcf9aaae6_m.jpg
28217930939,Carting prickly pear during the 1920s drought near Kingsthorpe Queensland,151.817922,-27.479171,1925-01-01 00:00:00,horses dogs carts pricklypear state library queensland toowoomba cart horse drought natural disaster big losses saving what is possible,https://live.staticflickr.com/4746/28217930939_0bf6f24e0e_m.jpg
7877935694,"Group of people with their animals, outside a house at Bulwer, Moreton Island, ca. 1906",153.367844,-27.076851,1906-01-01 00:00:00,horses dog moretonbay bays queensland island statelibraryofqueensland slq two women man training three house with fence sidesaddle trick,https://live.staticflickr.com/8448/7877935694_c1f4fe04cd_m.jpg
5575838784,"Noorduyn Norseman aircraft refuelling on the airstrip, possibly at Eagle Farm, 1948",153.105468,-27.019984,1948-01-01 00:00:00,statelibraryofqueensland aeroplanes noorduynnorsemen dogs aviation aircraft airplane vhbne cn271 271 435281 gibbessepikairways gsa noorduynaircraft noorduyn norseman noorduynuc64anorseman noorduynuc64a uc64anorseman uc64a a7131 royalaustralianairforce raaf vhgsd mandatedairlines slq queensland all aboard take off last checkups handling suit cases four legged friends waiting single engine luggage,https://live.staticflickr.com/5099/5575838784_3eeeed005f_m.jpg
4209874554,Ten lords a' leaping (one brave German Shepherd),153.105468,-27.019984,1930-01-01 00:00:00,statelibraryofqueensland slq twelvedaysofchristmas christmas christmascarol jumping jump germanshepherd fire germanshepherddog ringoffire dog stunt canine flaming flames hoop trick motion alsatian queensland brave strong inteligent fearless,https://live.staticflickr.com/4002/4209874554_9a2e00dc83_m.jpg
3648808634,"American soldier with cattle dog, Queensland, 1941-1945",153.105468,-27.019984,1942-01-01 00:00:00,statelibraryofqueensland americansoldier wwii dog dogs cattledog acd heeler queenslandblueheeler australiancattledog pictureoftheweek slq queensland uniform smiling face loyal,https://live.staticflickr.com/3607/3648808634_93b59fe0cc_m.jpg
50430551907,Burgalese Pointer,153.105468,-27.019984,1946-01-01 00:00:00,animal dogs dogtober octoberevent ready for action alert state library queensland burgalesepointer olddanishpointerdog,https://live.staticflickr.com/65535/50430551907_a08b4b7ed4_m.jpg
50430551832,Jack Russell Terrier,153.105468,-27.019984,1946-01-01 00:00:00,animal dogs dogtober octoberevent jackrussell terrier chair slq statelibraryofqueensland curious face expression garden wall background shadow photographer wicker,https://live.staticflickr.com/65535/50430551832_93284b3aee_m.jpg
50430379256,Longhaired Scottish Terrier dog,153.105468,-27.019984,1947-01-01 00:00:00,animal dogs dogtober octoberevent scottishterrier longhaired doorway cute dog terrier scottie scotty sql statelibraryofqueensland 1947 longhairedscottishterrier lavarackfamily lavarackfamilyalbum toorbul black best friend looking something with his beautiful eyes,https://live.staticflickr.com/65535/50430379256_beba187f50_m.jpg
43872743131,"Cane gang at Childers, ca. 1918",152.278130,-25.236343,1918-01-01 00:00:00,statelibraryofqueensland queensland greek greeks immigrants multiculturalism multiculturalmonth canecutters sugarcane kitten cats dogs accordian kythera many men one dog cat,https://live.staticflickr.com/1800/43872743131_e65d2f9a8d_m.jpg
4903167275,Walking the dog and cat,153.105468,-27.019984,1942-01-01 00:00:00,statelibraryofqueensland georgejackman photographer dogs cats walking friendships interspeciesfriendships slq queensland dog pomeranian new farm park tail is up happy lady pleasurable walk,https://live.staticflickr.com/4076/4903167275_6c74b42c3f_m.jpg
12662111824,Tableau of circus animals Brisbane 1903,153.022827,-27.468880,1903-01-01 00:00:00,circus circusanimals animaltrainer wirthscircus herrpaul tiger lion horse goat dog statelibraryofqueensland slq queensland caged entertainment different but performing together good control confidence,https://live.staticflickr.com/5473/12662111824_800b7a2470_m.jpg
50441635853,Smidt’s Skrift System - 34,-122.388231,37.759791,2020-10-04 17:35:17,danish lettering signpainting smidt’sskriftsystem svensmidt template,https://live.staticflickr.com/65535/50441635853_e4c974f4d4_m.jpg
50442508187,Smidt’s Skrift System - 32,-122.388214,37.759800,2020-10-04 17:34:20,danish lettering signpainting smidt’sskriftsystem svensmidt template,https://live.staticflickr.com/65535/50442508187_8bcf094868_m.jpg
50441634783,Smidt’s Skrift System - 31,-122.388206,37.759811,2020-10-04 17:34:09,danish lettering signpainting smidt’sskriftsystem svensmidt template,https://live.staticflickr.com/65535/50441634783_4d5e839b14_m.jpg
50442507222,Smidt’s Skrift System - 30,-122.388206,37.759811,2020-10-04 17:33:57,danish lettering signpainting smidt’sskriftsystem svensmidt template,https://live.staticflickr.com/65535/50442507222_1bcd0d47e7_m.jpg
50442327591,Smidt’s Skrift System - 29,-122.388206,37.759811,2020-10-04 17:33:53,danish lettering signpainting smidt’sskriftsystem svensmidt template,https://live.staticflickr.com/65535/50442327591_f98c4b26da_m.jpg
50442327106,Smidt’s Skrift System - 27,-122.388201,37.759819,2020-10-04 17:33:43,danish lettering signpainting smidt’sskriftsystem svensmidt template,https://live.staticflickr.com/65535/50442327106_908b9be8db_m.jpg
50442505767,Smidt’s Skrift System - 26,-122.388201,37.759819,2020-10-04 17:33:39,danish lettering signpainting smidt’sskriftsystem svensmidt template,https://live.staticflickr.com/65535/50442505767_b59a779ac5_m.jpg
50442505237,Smidt’s Skrift System - 23,-122.388201,37.759819,2020-10-04 17:33:27,danish lettering signpainting smidt’sskriftsystem svensmidt template,https://live.staticflickr.com/65535/50442505237_6238b494fe_m.jpg
50442503692,Smidt’s Skrift System - 22,-122.388201,37.759819,2020-10-04 17:33:22,danish lettering signpainting smidt’sskriftsystem svensmidt template,https://live.staticflickr.com/65535/50442503692_1ffc7ba94e_m.jpg
50441630543,Smidt’s Skrift System - 21,-122.388201,37.759819,2020-10-04 17:33:16,danish lettering signpainting smidt’sskriftsystem svensmidt template,https://live.staticflickr.com/65535/50441630543_03b78c1559_m.jpg
50442323861,Smidt’s Skrift-System - 20,-122.388201,37.759819,2020-10-04 17:33:10,danish lettering signpainting smidt’sskriftsystem svensmidt template,https://live.staticflickr.com/65535/50442323861_22100cc279_m.jpg
50441629573,Smidt’s Skrift-System - 19,-122.388201,37.759819,2020-10-04 17:33:04,danish lettering signpainting smidt’sskriftsystem svensmidt template,https://live.staticflickr.com/65535/50441629573_5df5791f37_m.jpg
50442322746,Smidt’s Skrift-System - 17,-122.388201,37.759819,2020-10-04 17:32:50,danish lettering signpainting smidt’sskriftsystem svensmidt template,https://live.staticflickr.com/65535/50442322746_c04e423533_m.jpg
50441628363,Smidt’s Skrift-System - 16,-122.388201,37.759822,2020-10-04 17:32:44,danish lettering signpainting smidt’sskriftsystem svensmidt template,https://live.staticflickr.com/65535/50441628363_c1c83ff08c_m.jpg
50441627853,Smidt’s Skrift-System - 13,-122.388201,37.759822,2020-10-04 17:32:28,danish lettering signpainting smidt’sskriftsystem svensmidt template,https://live.staticflickr.com/65535/50441627853_429e62949d_m.jpg
50441626913,Smidt’s Skrift-System - 11,-122.388206,37.759830,2020-10-04 17:32:11,danish lettering signpainting smidt’sskriftsystem svensmidt template,https://live.staticflickr.com/65535/50441626913_bcfe645059_m.jpg
50442320081,Smidt’s Skrift-System - 10,-122.388206,37.759830,2020-10-04 17:32:02,danish lettering signpainting smidt’sskriftsystem svensmidt template,https://live.staticflickr.com/65535/50442320081_dc8b99f7bb_m.jpg
50441625588,Smidt’s Skrift-System - 9,-122.388206,37.759830,2020-10-04 17:31:56,danish lettering signpainting smidt’sskriftsystem svensmidt template,https://live.staticflickr.com/65535/50441625588_de9ef24822_m.jpg
50442497492,Smidt’s Skrift-System - 8,-122.388214,37.759822,2020-10-04 17:31:50,danish lettering signpainting smidt’sskriftsystem svensmidt template,https://live.staticflickr.com/65535/50442497492_d241abd3e9_m.jpg
50441624258,Smidt’s Skrift-System - 7,-122.388214,37.759822,2020-10-04 17:31:44,danish lettering signpainting smidt’sskriftsystem svensmidt template,https://live.staticflickr.com/65535/50441624258_f9831f7dda_m.jpg
50441623613,Smidt’s Skrift-System - 6,-122.388214,37.759827,2020-10-04 17:31:31,danish lettering signpainting smidt’sskriftsystem svensmidt template,https://live.staticflickr.com/65535/50441623613_a419c37e05_m.jpg
50442495397,Smidt’s Skrift-System - 5,-122.388214,37.759827,2020-10-04 17:31:26,danish lettering signpainting smidt’sskriftsystem svensmidt template,https://live.staticflickr.com/65535/50442495397_833a275c58_m.jpg
50441621708,Smidt’s Skrift-System - 4,-122.388223,37.759838,2020-10-04 17:31:16,danish lettering signpainting smidt’sskriftsystem svensmidt template,https://live.staticflickr.com/65535/50441621708_a57f014fcf_m.jpg
50442314851,Smidt’s Skrift-System - 3,-122.388214,37.759838,2020-10-04 17:31:06,danish lettering signpainting smidt’sskriftsystem svensmidt template,https://live.staticflickr.com/65535/50442314851_82a8b69a1a_m.jpg
50442492942,Smidt’s Skrift-System - 35,-122.388145,37.759758,2020-10-04 17:37:15,danish lettering signpainting smidt’sskriftsystem svensmidt template,https://live.staticflickr.com/65535/50442492942_9c0b9e6546_m.jpg
50442492392,Smidt’s Skrift-System - 2,-122.388237,37.759791,2020-10-04 17:31:01,danish lettering signpainting smidt’sskriftsystem svensmidt template,https://live.staticflickr.com/65535/50442492392_c432fd713f_m.jpg
50442491622,Smidt’s Skrift-System - 1,-122.388398,37.759811,2020-10-04 17:30:52,danish lettering signpainting smidt’sskriftsystem svensmidt template,https://live.staticflickr.com/65535/50442491622_423c8a9933_m.jpg
50441618728,Smidt’s Skrift System - 33,-122.388231,37.759791,2020-10-04 17:35:00,danish lettering signpainting smidt’sskriftsystem svensmidt template,https://live.staticflickr.com/65535/50441618728_ec601c25d3_m.jpg
50442311791,Smidt’s Skrift System - 28,-122.388201,37.759819,2020-10-04 17:33:48,danish lettering signpainting smidt’sskriftsystem svensmidt template,https://live.staticflickr.com/65535/50442311791_10243798ee_m.jpg
50441617408,Smidt’s Skrift-System - 12,-122.388206,37.759830,2020-10-04 17:32:21,danish lettering signpainting smidt’sskriftsystem svensmidt template,https://live.staticflickr.com/65535/50441617408_369bd26841_m.jpg
50442489427,Smidt’s Skrift System - 24,-122.388201,37.759819,2020-10-04 17:33:32,danish lettering signpainting smidt’sskriftsystem svensmidt template,https://live.staticflickr.com/65535/50442489427_81051b4527_m.jpg
50442488767,Smidt’s Skrift-System - 18,-122.388201,37.759819,2020-10-04 17:32:56,danish lettering signpainting smidt’sskriftsystem svensmidt template,https://live.staticflickr.com/65535/50442488767_c96024ce06_m.jpg
50440852722,Lying about on the lines.,-6.823239,53.146126,2009-01-20 14:36:45,robertfrench williamlawrence lawrencephotographicstudio glassnegative nationallibraryofireland curraghcamp cokildare curragh flines billets tower sheep cannon dog lawrencephotographcollection,https://live.staticflickr.com/65535/50440852722_f81554c5e6_m.jpg
50435468676,Where's the dulse and yellow man?,-6.222424,55.205594,2019-04-01 15:48:35,ferguso’connor ferguso’connorcollection glassnegative nationallibraryofireland ballycastle coantrim northernireland ulster town auldlammasfair song dulse yellowman,https://live.staticflickr.com/65535/50435468676_6b9d60ab64_m.jpg
50429834338,No lockdown at Hotel Goldner Loewe,7.717562,50.150197,2008-09-27 22:11:02,lukegeralddillon baronclonbrock augustacarolinedillon baronessclonbrock dillonfamily nationallibraryofireland stolzenfels hotelgoldnerloewe lakeriverside rowingboats dock trees hills clonbrockphotographiccollection,https://live.staticflickr.com/65535/50429834338_3e380f1a9d_m.jpg
50236696727,Cartedeviste portrait of an unidentified Chinese man 1880,153.027892,-27.467580,1900-01-01 00:00:00,costumes traditional queensland multiculturalism hat chinese portraits,https://live.staticflickr.com/65535/50236696727_a353519c86_m.jpg
50235831298,Chinese consul in Cooktown,145.249502,-15.467488,1900-01-01 00:00:00,multiculturalism costumes queensland traditional chinese hat studio,https://live.staticflickr.com/65535/50235831298_6d021b6e89_m.jpg
50236695977,Chinese officials visiting Queensland in 1906,153.105468,-27.019984,1906-01-01 00:00:00,multiculturalism costumes queensland traditional chinese tangshirt,https://live.staticflickr.com/65535/50236695977_e23a7bc34a_m.jpg
50236695767,Dog and bagpiper Bowen 1921,148.220840,-20.014660,1921-01-01 00:00:00,multiculturalism costumes queensland traditional dog bagpipes sporran,https://live.staticflickr.com/65535/50236695767_1abfa8dd10_m.jpg
50236695657,Female member of the Bisset Family wearing Japanese dress Crows Nest Queensland,152.055421,-27.262076,1940-01-01 00:00:00,multiculturalism costumes queensland traditional,https://live.staticflickr.com/65535/50236695657_ff3ea69b43_m.jpg
50236480031,Four people in a variety of highland dress,153.105468,-27.019984,1930-01-01 00:00:00,multiculturalism costumes queensland traditional,https://live.staticflickr.com/65535/50236480031_fe5bc0f162_m.jpg
50235829648,"Japanese pearl diver, Thursday Island, Queensland",142.220856,-10.580650,1930-01-01 00:00:00,multiculturalism costumes queensland traditional diver japanese boat pearling,https://live.staticflickr.com/65535/50235829648_8079a3f1c2_m.jpg
50236478851,Japanese workers on Hambledon Sugar Plantation Cairns ca 1896,145.733307,-17.016701,1900-01-01 00:00:00,multiculturalism costumes queensland traditional japanese sugarplantation,https://live.staticflickr.com/65535/50236478851_f6c083bfb6_m.jpg
50236478546,Kwong Sue Duk with his three wives and fourteen children Cairns 1904,145.775970,-16.926460,1914-01-01 00:00:00,multiculturalism costumes queensland traditional chinese,https://live.staticflickr.com/65535/50236478546_8eb5787df0_m.jpg
50236478366,Latvian dance group-Senatne 1951,153.105468,-27.019984,1951-01-01 00:00:00,multiculturalism costumes queensland traditional latvian embroideredcostumes,https://live.staticflickr.com/65535/50236478366_ea6714faf3_m.jpg
50236478161,Mee Yong Tom and her younger sister Annie with their father Tam Hung,145.249237,-15.477430,1900-01-01 00:00:00,multiculturalism costumes queensland traditional tangjacket chinese studio,https://live.staticflickr.com/65535/50236478161_62a43fd0c2_m.jpg
50235828743,Man wearing feather headdress Atherton 1890s,145.474976,-17.268339,1900-01-01 00:00:00,multiculturalism costumes queensland traditional necklace headdress rainforest nosepiercing,https://live.staticflickr.com/65535/50235828743_17381251f7_m.jpg
50236477636,Nicholas and Peter Tsikleas dressed in national Greek costume Brisbane 1930s,153.022827,-27.468880,1930-01-01 00:00:00,multiculturalism costumes queensland traditional greek boys,https://live.staticflickr.com/65535/50236477636_862a74600f_m.jpg
50236693112,Parade near the centre of Cairns ca. 1919,145.775970,-16.926460,1919-01-01 00:00:00,multiculturalism costumes queensland traditional parade guns marching conicalhat shorts,https://live.staticflickr.com/65535/50236693112_2830d8702b_m.jpg
50235828048,Page 21 of the Queenslander Pictorial supplement to The Queenslander 5 July 1919,171.989379,6.068394,1919-01-01 00:00:00,multiculturalism costumes queensland traditional wagasa parasol kimono,https://live.staticflickr.com/65535/50235828048_a90cc8e2ef_m.jpg
50235827658,Portrait of Anna Christina Kruse in Danish national costume,153.105468,-27.019984,1900-01-01 00:00:00,multiculturalism costumes queensland traditional studio skirt ribbon embroidered,https://live.staticflickr.com/65535/50235827658_e9f3f47898_m.jpg
50235827303,Portrait of members of the Warwick Caledonian Society dressed in their tartan kilts in 1903,152.034653,-28.218130,1903-01-01 00:00:00,multiculturalism costumes queensland traditional highlander scottish kilt sporran belt berets,https://live.staticflickr.com/65535/50235827303_db7374defa_m.jpg
50236476436,Sailors from the Royal Australian Navy meeting Miss Yokohama Yokohama 1962,139.638031,35.443707,1962-01-01 00:00:00,multiculturalism costumes queensland traditional sailors uniform kimonos,https://live.staticflickr.com/65535/50236476436_95cc7ce36a_m.jpg
50236476421,School students dressed in traditional Greek costume 1930,153.022827,-27.468880,1930-01-01 00:00:00,multiculturalism costumes queensland traditional greek children,https://live.staticflickr.com/65535/50236476421_bb7b43738a_m.jpg
50236476311,Six children pose in fancy dress  1890-1900,153.105468,-27.019984,1900-01-01 00:00:00,multiculturalism costumes queensland traditional children garden staghorn,https://live.staticflickr.com/65535/50236476311_1df9e31807_m.jpg
50235826543,"South Sea Islanders dressed in traditional costume, Mackay, Queensland ca 1890",149.178711,-21.142309,1900-01-01 00:00:00,multiculturalism costumes queensland traditional australiansouthseaislanders armband headdress,https://live.staticflickr.com/65535/50235826543_a01b9f5570_m.jpg
50236475771,Studio portrait of a japanese woman wearing a kimono in Mareeba Queensland,145.438855,-17.001937,1920-01-01 00:00:00,multiculturalism costumes queensland traditional kimonos portraits japanese,https://live.staticflickr.com/65535/50236475771_35582e4b5c_m.jpg
50236475616,Three men in costume standing with a small crowd of people in the background on Darnley Island 1899,143.770248,-9.584430,1900-01-01 00:00:00,multiculturalism costumes queensland traditional torresstrait headdress indigenous darnley island,https://live.staticflickr.com/65535/50236475616_59ede09603_m.jpg
50236475496,Two Japanese women on the driveway to the overseers house Hambledon Sugar Plantation 1891,145.733307,-17.016701,1900-01-01 00:00:00,multiculturalism costumes queensland traditional kimonos homesteads japanese,https://live.staticflickr.com/65535/50236475496_3e22bb39c6_m.jpg
50209652501,American servicemen in a Queensland street ca 1943,142.702789,-20.917574,1943-01-01 00:00:00,worldwar2 army military soldiers american shelter sign uniform,https://live.staticflickr.com/65535/50209652501_445fabff9f_m.jpg
50074346548,Murray Islanders in national dress 1960,144.049390,-9.918603,1960-01-01 00:00:00,torres strait islanders bow arrows traditional costumes torresstraitislanders lapskirts beach forourelders naidoc2023 naidocweek naidoc celebrationoffirstnations torresstraitislander tsiculture firstnations nationalportraitgallery truthtelling australianhistory firstnationspeople indigenous reconciliation reconciliationaustralia slq indigenousday torresstraitislandersculture,https://live.staticflickr.com/65535/50074346548_7ae1d16565_m.jpg
50426672157,"Beetles, points and Foynes.",-9.111678,52.612592,2011-11-14 10:25:42,jamespo’dea nationallibraryofireland foynes colimerick munster shannonestuary deepwaterport limerickcity portoflimerick beetle points rails wagon kit 1968 o’deaphotographcollection,https://live.staticflickr.com/65535/50426672157_87d379718f_m.jpg
50423878517,2020-071-04-01,-77.383803,44.162775,2020-06-08 05:55:38,posters protests 2020s blacklivesmatter,https://live.staticflickr.com/65535/50423878517_1e6e19eb55_m.jpg
50423877312,2020-071-04-02,-77.383756,44.162705,2020-06-08 05:55:57,posters protests 2020s blacklivesmatter,https://live.staticflickr.com/65535/50423877312_b7ba3a70dc_m.jpg
50423012608,2020-071-04-05,-77.383509,44.162552,2020-06-08 05:57:55,posters protests 2020s blacklivesmatter,https://live.staticflickr.com/65535/50423012608_d1d51a2cf8_m.jpg
50423876162,2020-071-04-06,-77.383487,44.162519,2020-06-08 06:00:14,blacklivesmatter posters protests 2020s,https://live.staticflickr.com/65535/50423876162_67e206b374_m.jpg
50423708896,2020-071-04-07,-77.383687,44.162480,2020-06-08 06:01:03,posters protests 2020s blacklivesmatter,https://live.staticflickr.com/65535/50423708896_e264c00386_m.jpg
50423708621,2020-071-04-08,-77.383695,44.162697,2020-06-08 06:02:03,posters protests 2020s blacklivesmatter,https://live.staticflickr.com/65535/50423708621_928825029c_m.jpg
50423708216,2020-071-04-03,-77.383498,44.162602,2020-06-08 05:57:14,posters protests 2020s blacklivesmatter,https://live.staticflickr.com/65535/50423708216_dddf0d0bf4_m.jpg
50423009103,2020-071-04-04,-77.383512,44.162588,2020-06-08 05:57:43,blacklivesmatter posters protests 2020s,https://live.staticflickr.com/65535/50423009103_81c206328d_m.jpg
50423628331,2020-071-02-14,-77.386300,44.165382,1981-04-06 00:10:22,1980s floods rivers ice,https://live.staticflickr.com/65535/50423628331_a84dc40007_m.jpg
50422930898,2020-071-02-15,-77.386622,44.165274,1981-04-06 00:10:24,1980s floods rivers ice,https://live.staticflickr.com/65535/50422930898_cd9e8a9c87_m.jpg
50422930518,2020-071-02-16,-77.386472,44.165536,1981-04-06 00:14:25,1980s floods rivers ice,https://live.staticflickr.com/65535/50422930518_d983a06044_m.jpg
50423793332,2020-071-02-17,-77.387866,44.167906,1981-04-06 00:18:55,1980s floods rivers ice,https://live.staticflickr.com/65535/50423793332_2c1bb4ee5f_m.jpg
50422929283,2020-071-02-01,-77.386107,44.164135,1981-04-05 23:50:04,1980s floods rivers ice,https://live.staticflickr.com/65535/50422929283_a776928389_m.jpg
50422928803,2020-071-02-04,-77.385635,44.163358,1981-04-05 23:50:10,1980s floods rivers ice,https://live.staticflickr.com/65535/50422928803_94e25822e4_m.jpg
50422928348,2020-071-02-05,-77.385667,44.163396,1981-04-05 23:55:11,1980s floods rivers ice,https://live.staticflickr.com/65535/50422928348_bec7030094_m.jpg
50422928098,2020-071-02-06,-77.384026,44.162327,1981-04-05 23:55:14,1980s floods rivers ice,https://live.staticflickr.com/65535/50422928098_3d332489dc_m.jpg
50423624716,2020-071-02-07,-77.384165,44.163674,1981-04-05 23:55:16,1980s floods rivers ice,https://live.staticflickr.com/65535/50423624716_3fb1dd8816_m.jpg
50422927323,2020-071-02-08,-77.383081,44.160580,1981-04-06 00:05:23,1980s floods rivers ice,https://live.staticflickr.com/65535/50422927323_9845fb7890_m.jpg
50422926723,2020-071-02-09,-77.382738,44.160118,1981-04-06 00:05:25,1980s floods rivers ice,https://live.staticflickr.com/65535/50422926723_8c41594413_m.jpg
50423623371,2020-071-02-10,-77.385721,44.163997,1981-04-06 00:05:27,1980s floods rivers ice,https://live.staticflickr.com/65535/50423623371_7201c69633_m.jpg
50422926003,2020-071-02-02,-77.386257,44.164105,1981-04-05 23:50:06,1980s floods rivers ice,https://live.staticflickr.com/65535/50422926003_d8ec2ce185_m.jpg
50423622331,2020-071-02-11,-77.385785,44.164058,1981-04-06 00:05:29,1980s floods rivers ice,https://live.staticflickr.com/65535/50423622331_43a5d8dea0_m.jpg
50422921513,2020-071-02-12,-77.386418,44.165128,1981-04-06 00:10:17,1980s floods rivers ice,https://live.staticflickr.com/65535/50422921513_92057c0001_m.jpg
50423094136,2020-072-01 (front),-77.361795,44.165544,1915-01-01 00:00:00,1910s buildings homes,https://live.staticflickr.com/65535/50423094136_7685d74350_m.jpg
50403089623,Mr. Mosley and staff at your service!,-7.116522,52.263318,2008-06-23 09:26:12,ahpoole arthurhenripoole glassnegative nationallibraryofireland waterford cowaterford munster mrmosley shop staff windows corner poolephotographiccollection,https://live.staticflickr.com/65535/50403089623_43b35af608_m.jpg
50400546912,"The ""Mix and Match"" Bank",-8.189846,54.501100,2009-01-27 11:23:17,robertfrench williamlawrence lawrencephotographicstudio glassnegative nationallibraryofireland bank ballyshannon codonegal ulster hatterscastle ajcronin cabinetsizeimage lawrencephotographcollection,https://live.staticflickr.com/65535/50400546912_ef0c45f1da_m.jpg
50397714341,1958-12-06 Santa Claus Parade-004,-77.385807,44.168984,1958-12-06 14:00:00,1950s parades,https://live.staticflickr.com/65535/50397714341_22a3448504_m.jpg
50397714151,1958-12-06 Santa Claus Parade-005,-77.385914,44.167737,1958-12-06 14:00:01,1950s parades,https://live.staticflickr.com/65535/50397714151_b8597ea367_m.jpg
50397713931,1958-12-06 Santa Claus Parade-006,-77.385978,44.168522,1958-12-06 14:00:02,1950s parades,https://live.staticflickr.com/65535/50397713931_3967614f6b_m.jpg
50397875227,1958-12-06 Santa Claus Parade-007,-77.385914,44.167729,1958-12-06 14:00:03,1950s parades,https://live.staticflickr.com/65535/50397875227_beb17419f3_m.jpg
50397874477,1958-12-06 Santa Claus Parade-002,-77.385989,44.168322,1958-12-06 14:00:06,1950s parades,https://live.staticflickr.com/65535/50397874477_9471d8aebc_m.jpg
50397712561,1958-12-06 Santa Claus Parade-003,-77.385785,44.168984,1958-12-06 14:00:07,1950s parades bridges,https://live.staticflickr.com/65535/50397712561_3a1389f198_m.jpg
50394679922,2020-070-02-01,-77.575149,44.098973,2019-09-27 12:00:00,2010s protests events,https://live.staticflickr.com/65535/50394679922_65dc879661_m.jpg
50394509256,2020-070-02-02,-77.575149,44.098973,2019-09-27 12:00:01,2010s protests events,https://live.staticflickr.com/65535/50394509256_5c2fdedff3_m.jpg
50394509181,2020-070-02-04,-77.575149,44.098973,2019-09-27 12:00:03,2010s protests events,https://live.staticflickr.com/65535/50394509181_8e7dfdb212_m.jpg
50394509156,2020-070-02-07,-77.575149,44.098973,2019-09-27 12:00:06,2010s protests events,https://live.staticflickr.com/65535/50394509156_708c3fe43a_m.jpg
50394509096,2020-070-02-09,-77.575149,44.098973,2019-09-27 12:00:08,2010s protests events,https://live.staticflickr.com/65535/50394509096_c95c5332d2_m.jpg
50394679777,2020-070-02-08,-77.575149,44.098973,2019-09-27 12:00:07,2010s protests events,https://live.staticflickr.com/65535/50394679777_6d2b96ebd4_m.jpg
50393819253,2020-070-02-13,-77.575149,44.098973,2019-09-27 12:00:12,2010s protests events,https://live.staticflickr.com/65535/50393819253_757ef6b3b6_m.jpg
50394679752,2020-070-02-10,-77.575149,44.098973,2019-09-27 12:00:09,2010s protests events,https://live.staticflickr.com/65535/50394679752_3ce467d2c4_m.jpg
50394679722,2020-070-02-11,-77.575149,44.098973,2019-09-27 12:00:10,2010s protests events,https://live.staticflickr.com/65535/50394679722_83a8fdae99_m.jpg
50394679697,2020-070-02-15,-77.575149,44.098973,2019-09-27 12:00:14,2010s protests events,https://live.staticflickr.com/65535/50394679697_d410498d0f_m.jpg
50394509011,2020-070-02-19,-77.575149,44.098973,2019-09-27 12:00:18,2010s protests events,https://live.staticflickr.com/65535/50394509011_2108e8ae0e_m.jpg
50394508981,2020-070-02-21,-77.575149,44.098973,2019-09-27 12:00:20,2010s protests events,https://live.staticflickr.com/65535/50394508981_ebbd854125_m.jpg
50394508971,2020-070-02-23,-77.575149,44.098973,2019-09-27 12:00:22,2010s protests events,https://live.staticflickr.com/65535/50394508971_2c8eda49b2_m.jpg
50394679642,2020-070-02-30,-77.575149,44.098973,2019-09-27 12:00:29,2010s protests events,https://live.staticflickr.com/65535/50394679642_b6fe5d38f3_m.jpg
50394508901,2020-070-02-03,-77.575149,44.098973,2019-09-27 12:00:02,2010s protests events,https://live.staticflickr.com/65535/50394508901_684d6e05ec_m.jpg
50394508951,2020-070-02-29,-77.575149,44.098973,2019-09-27 12:00:28,2010s protests events,https://live.staticflickr.com/65535/50394508951_0175f6d9ed_m.jpg
50394508806,2020-070-02-12,-77.575149,44.098973,2019-09-27 12:00:11,events protests 2010s,https://live.staticflickr.com/65535/50394508806_6a1939ebcc_m.jpg
50394508836,2020-070-02-05,-77.575149,44.098973,2019-09-27 12:00:04,2010s protests events,https://live.staticflickr.com/65535/50394508836_34fb314ef9_m.jpg
50393819058,2020-070-02-06,-77.575149,44.098973,2019-09-27 12:00:05,2010s protests events,https://live.staticflickr.com/65535/50393819058_c0f6a2e97f_m.jpg
50393818998,2020-070-02-14,-77.575149,44.098973,2019-09-27 12:00:13,2010s protests events,https://live.staticflickr.com/65535/50393818998_bdf4f117fb_m.jpg
50394679487,2020-070-02-16,-77.575149,44.098973,2019-09-27 12:00:15,2010s protests events,https://live.staticflickr.com/65535/50394679487_e4d63501bf_m.jpg
50394508651,2020-070-02-20,-77.575149,44.098973,2019-09-27 12:00:19,2010s protests events,https://live.staticflickr.com/65535/50394508651_05875f37a6_m.jpg
50393818943,2020-070-02-18,-77.575149,44.098973,2019-09-27 12:00:17,2010s protests events,https://live.staticflickr.com/65535/50393818943_987dd8cd35_m.jpg
50394679362,2020-070-02-24,-77.575149,44.098973,2019-09-27 12:00:23,2010s protests events,https://live.staticflickr.com/65535/50394679362_80789b45ce_m.jpg
50394679392,2020-070-02-22,-77.575149,44.098973,2019-09-27 12:00:21,2010s protests events,https://live.staticflickr.com/65535/50394679392_d3deff0d31_m.jpg
50394508601,2020-070-02-25,-77.575149,44.098973,2019-09-27 12:00:24,2010s protests events,https://live.staticflickr.com/65535/50394508601_160083f75b_m.jpg
50393818758,2020-070-02-26,-77.575149,44.098973,2019-09-27 12:00:25,2010s protests events,https://live.staticflickr.com/65535/50393818758_8b9fbd2259_m.jpg
50394508476,2020-070-02-28,-77.575149,44.098973,2019-09-27 12:00:27,2010s protests events,https://live.staticflickr.com/65535/50394508476_45a96a5e35_m.jpg
50394508506,2020-070-02-27,-77.575149,44.098973,2019-09-27 12:00:26,2010s protests events,https://live.staticflickr.com/65535/50394508506_759c6dca53_m.jpg
50393818688,2020-070-02-31,-77.575149,44.098973,2019-09-27 12:00:30,2010s protests events,https://live.staticflickr.com/65535/50393818688_1d0d48dd15_m.jpg
50394679202,2020-070-02-32,-77.575149,44.098973,2019-09-27 12:00:31,2010s protests events,https://live.staticflickr.com/65535/50394679202_3ea0d422f3_m.jpg
50393818593,2020-070-02-34,-77.575149,44.098973,2019-09-27 12:00:33,2010s protests events,https://live.staticflickr.com/65535/50393818593_446cbded10_m.jpg
50394508296,2020-070-02-36,-77.575149,44.098973,2019-09-27 12:00:35,2010s protests events,https://live.staticflickr.com/65535/50394508296_a0ba8f45fa_m.jpg
50394679072,2020-070-02-35,-77.575149,44.098973,2019-09-27 12:00:34,protests 2010s events,https://live.staticflickr.com/65535/50394679072_8a98b57855_m.jpg
50394508036,2020-070-01-02,-77.382566,44.163042,2019-09-20 12:00:01,2010s protests events,https://live.staticflickr.com/65535/50394508036_4271bae185_m.jpg
50394678857,2020-070-01-01,-77.382566,44.163042,2019-09-20 12:00:00,2010s protests events,https://live.staticflickr.com/65535/50394678857_7d21892068_m.jpg
50393818278,2020-070-01-05,-77.382566,44.163042,2019-09-20 12:00:04,2010s protests events,https://live.staticflickr.com/65535/50393818278_2c7fccef55_m.jpg
50394678822,2020-070-01-03,-77.382566,44.163042,2019-09-20 12:00:02,2010s protests events,https://live.staticflickr.com/65535/50394678822_aaaed8c101_m.jpg
50394678722,2020-070-01-09,-77.382566,44.163042,2019-09-20 12:00:08,2010s protests events,https://live.staticflickr.com/65535/50394678722_dbf04b5b57_m.jpg
50394507891,2020-070-01-06,-77.382566,44.163042,2019-09-20 12:00:05,2010s protests events,https://live.staticflickr.com/65535/50394507891_a5ec49314f_m.jpg
50394507816,2020-070-01-11,-77.382566,44.163042,2019-09-20 12:00:10,2010s protests events,https://live.staticflickr.com/65535/50394507816_5f1484e617_m.jpg
50394678677,2020-070-01-14,-77.382566,44.163042,2019-09-20 12:00:14,2010s protests events,https://live.staticflickr.com/65535/50394678677_1d58a6ff23_m.jpg
50394678632,2020-070-01-16,-77.382566,44.163042,2019-09-20 12:00:16,2010s protests events,https://live.staticflickr.com/65535/50394678632_c411e0a143_m.jpg
50393818103,2020-070-01-18,-77.382566,44.163042,2019-09-20 12:00:18,2010s protests events,https://live.staticflickr.com/65535/50393818103_3bbd33f234_m.jpg
50393818063,2020-070-01-20,-77.382566,44.163042,2019-09-20 12:00:20,2010s protests events,https://live.staticflickr.com/65535/50393818063_8b721d9782_m.jpg
